ts	zoom_sample	active_profile	zoom_ratio	profile_src	eff_pan	eff_tilt	eff_accel	lead_ms	ap_mode	ap_trk	ap_id	err_x	err_y	cmd_pan	cmd_tilt	base_pan	base_tilt	trk_mode	sel_id	sel_valid	lost	cx	cy	pcx	pcy	vx	vy	motion	score	policy	switch	auto_zoom_box_h	auto_zoom_target_h	auto_zoom_cmd
1785503465.578	5	5	0.173	user	31	25	7	138	IDLE	LOST	5	0	0	0	0	0	0	LOST	5	False	1102/12	0.383594	0.539815	0.383624	0.53992	0.000168069	0.000584112	0.000607811	0.136835	moving_near_sticky		0	0.48	0
1785503465.925	5	5	0.173	user	31	25	7	138	IDLE	LOST	5	0	0	0	0	0	0	LOST	5	False	1111/12	0.383594	0.539815	0.383624	0.53992	0.000168069	0.000584112	0.000607811	0.136835	moving_near_sticky		0	0.48	0
1785503466.270	5	5	0.173	user	31	25	7	138	IDLE	LOST	5	0	0	0	0	0	0	LOST	5	False	1119/12	0.383594	0.539815	0.383624	0.53992	0.000168069	0.000584112	0.000607811	0.136835	moving_near_sticky		0	0.48	0
1785503466.621	5	5	0.173	user	31	25	7	138	IDLE	LOST	5	0	0	0	0	0	0	LOST	5	False	1128/12	0.383594	0.539815	0.383624	0.53992	0.000168069	0.000584112	0.000607811	0.136835	moving_near_sticky		0	0.48	0
1785503466.964	5	5	0.173	user	31	25	7	138	IDLE	LOST	5	0	0	0	0	0	0	LOST	5	False	1137/12	0.383594	0.539815	0.383624	0.53992	0.000168069	0.000584112	0.000607811	0.136835	moving_near_sticky		0	0.48	0
1785503467.374	5	5	0.173	user	31	25	7	138	IDLE	LOST	5	0	0	0	0	0	0	LOST	5	False	1147/12	0.383594	0.539815	0.383624	0.53992	0.000168069	0.000584112	0.000607811	0.136835	moving_near_sticky		0	0.48	0
1785503467.725	5	5	0.173	user	31	25	7	138	IDLE	LOST	5	0	0	0	0	0	0	LOST	5	False	1156/12	0.383594	0.539815	0.383624	0.53992	0.000168069	0.000584112	0.000607811	0.136835	moving_near_sticky		0	0.48	0
1785503468.061	5	5	0.173	user	31	25	7	138	IDLE	LOST	5	0	0	0	0	0	0	LOST	5	False	1164/12	0.383594	0.539815	0.383624	0.53992	0.000168069	0.000584112	0.000607811	0.136835	moving_near_sticky		0	0.48	0
1785503468.409	5	5	0.173	user	31	25	7	138	IDLE	LOST	5	0	0	0	0	0	0	LOST	5	False	1173/12	0.383594	0.539815	0.383624	0.53992	0.000168069	0.000584112	0.000607811	0.136835	moving_near_sticky		0	0.48	0
1785503468.739	5	5	0.173	user	31	25	7	138	IDLE	LOST	5	0	0	0	0	0	0	LOST	5	False	1181/12	0.383594	0.539815	0.383624	0.53992	0.000168069	0.000584112	0.000607811	0.136835	moving_near_sticky		0	0.48	0
1785503469.069	5	5	0.173	user	31	25	7	138	IDLE	LOST	5	0	0	0	0	0	0	LOST	5	False	1189/12	0.383594	0.539815	0.383624	0.53992	0.000168069	0.000584112	0.000607811	0.136835	moving_near_sticky		0	0.48	0
1785503469.528	5	5	0.173	user	31	25	7	138	IDLE	LOST	5	0	0	0	0	0	0	LOST	5	False	1201/12	0.383594	0.539815	0.383624	0.53992	0.000168069	0.000584112	0.000607811	0.136835	moving_near_sticky		0	0.48	0
1785503469.875	5	5	0.173	user	31	25	7	138	IDLE	LOST	5	0	0	0	0	0	0	LOST	5	False	1209/12	0.383594	0.539815	0.383624	0.53992	0.000168069	0.000584112	0.000607811	0.136835	moving_near_sticky		0	0.48	0
1785503470.221	5	5	0.173	user	31	25	7	138	IDLE	LOST	5	0	0	0	0	0	0	LOST	5	False	1218/12	0.383594	0.539815	0.383624	0.53992	0.000168069	0.000584112	0.000607811	0.136835	moving_near_sticky		0	0.48	0
1785503470.551	5	5	0.173	user	31	25	7	138	IDLE	LOST	5	0	0	0	0	0	0	LOST	5	False	1226/12	0.383594	0.539815	0.383624	0.53992	0.000168069	0.000584112	0.000607811	0.136835	moving_near_sticky		0	0.48	0
1785503470.882	5	5	0.173	user	31	25	7	138	IDLE	LOST	5	0	0	0	0	0	0	LOST	5	False	1235/12	0.383594	0.539815	0.383624	0.53992	0.000168069	0.000584112	0.000607811	0.136835	moving_near_sticky		0	0.48	0
1785503471.212	5	5	0.173	user	31	25	7	138	IDLE	LOST	5	0	0	0	0	0	0	LOST	5	False	1243/12	0.383594	0.539815	0.383624	0.53992	0.000168069	0.000584112	0.000607811	0.136835	moving_near_sticky		0	0.48	0
1785503471.544	5	5	0.173	user	31	25	7	138	IDLE	LOST	5	0	0	0	0	0	0	LOST	5	False	1251/12	0.383594	0.539815	0.383624	0.53992	0.000168069	0.000584112	0.000607811	0.136835	moving_near_sticky		0	0.48	0
1785503471.976	5	5	0.173	user	31	25	7	138	IDLE	LOST	5	0	0	0	0	0	0	LOST	5	False	1262/12	0.383594	0.539815	0.383624	0.53992	0.000168069	0.000584112	0.000607811	0.136835	moving_near_sticky		0	0.48	0
1785503472.326	5	5	0.173	user	31	25	7	138	IDLE	LOST	5	0	0	0	0	0	0	LOST	5	False	1271/12	0.383594	0.539815	0.383624	0.53992	0.000168069	0.000584112	0.000607811	0.136835	moving_near_sticky		0	0.48	0
1785503472.672	5	5	0.173	user	31	25	7	138	IDLE	LOST	5	0	0	0	0	0	0	LOST	5	False	1279/12	0.383594	0.539815	0.383624	0.53992	0.000168069	0.000584112	0.000607811	0.136835	moving_near_sticky		0	0.48	0
1785503473.020	5	5	0.173	user	31	25	7	138	IDLE	LOST	5	0	0	0	0	0	0	LOST	5	False	1288/12	0.383594	0.539815	0.383624	0.53992	0.000168069	0.000584112	0.000607811	0.136835	moving_near_sticky		0	0.48	0
1785503473.365	5	5	0.173	user	31	25	7	138	IDLE	LOST	5	0	0	0	0	0	0	LOST	5	False	1297/12	0.383594	0.539815	0.383624	0.53992	0.000168069	0.000584112	0.000607811	0.136835	moving_near_sticky		0	0.48	0
1785503473.696	5	5	0.173	user	31	25	7	138	IDLE	LOST	5	0	0	0	0	0	0	LOST	5	False	1305/12	0.383594	0.539815	0.383624	0.53992	0.000168069	0.000584112	0.000607811	0.136835	moving_near_sticky		0	0.48	0
1785503474.151	5	5	0.173	user	31	25	7	138	IDLE	LOST	5	0	0	0	0	0	0	LOST	5	False	1316/12	0.383594	0.539815	0.383624	0.53992	0.000168069	0.000584112	0.000607811	0.136835	moving_near_sticky		0	0.48	0
1785503474.498	5	5	0.173	user	31	25	7	138	IDLE	LOST	5	0	0	0	0	0	0	LOST	5	False	1323/12	0.383594	0.539815	0.383624	0.53992	0.000168069	0.000584112	0.000607811	0.136835	moving_near_sticky		0	0.48	0
1785503474.846	5	5	0.173	user	31	25	7	138	IDLE	TRACKING	5	0	0	0	0	0	0	TRACKING	5	True	1323/12	0.385417	0.621759	0.385431	0.621867	7.88282e-05	0.000598267	0.000603438	0.144894	moving_near_sticky		0	0.48	0
1785503475.202	5	5	0.173	user	31	25	7	138	IDLE	LOST	5	0	0	0	0	0	0	LOST	5	False	1324/12	0.384115	0.622685	0.383687	0.623066	-0.00237583	0.00211479	0.00318071	0.149297	moving_near_sticky		0	0.48	0
1785503475.557	4	4	0.116	user	32	26	7	142	IDLE	LOST	5	0	0	0	0	0	0	LOST	5	False	0/12	0.416667	0.577778	0.42066	0.57255	0.0221861	-0.0290432	0.0365476	0.642711	moving_near_sticky	lost_reacquire	0	0.48	0
1785503475.906	4	4	0.116	user	32	26	7	142	ACTIVE	TRACKING	5	-0.163292	0.151138	-6	5	-6	5	TRACKING	5	True	0/12	0.416667	0.576389	0.417763	0.574417	0.00609286	-0.0109571	0.0125371	0.190319	moving_near_sticky		0.0222222	0.48	8
1785503476.254	4	4	0.116	user	32	26	7	142	ACTIVE	TRACKING	5	-0.16574	0.151112	-6	5	-6	5	TRACKING	5	True	0/12	0.416667	0.576389	0.41713	0.575556	0.00257423	-0.00462936	0.00529694	0.134071	moving_near_sticky		0.025	0.48	8
1785503476.600	4	4	0.116	user	32	26	7	142	ACTIVE	TRACKING	5	-0.166064	0.151694	-6	5	-6	5	TRACKING	5	True	0/12	0.416667	0.576389	0.416862	0.576037	0.00108761	-0.0019559	0.00223796	0.121452	moving_near_sticky		0.025	0.48	8
1785503476.955	4	4	0.116	user	32	26	7	142	ACTIVE	TRACKING	5	-0.166502	0.148238	-6	5	-6	5	TRACKING	5	True	0/12	0.416667	0.575	0.416749	0.574119	0.000459517	-0.00489209	0.00491363	0.117918	moving_near_sticky		0.0222222	0.48	8
1785503477.289	4	4	0.116	user	32	26	7	142	ACTIVE	TRACKING	5	-0.166596	0.152728	-6	5	-6	5	TRACKING	5	True	0/12	0.416667	0.576389	0.416702	0.576364	0.000194146	-0.000135989	0.000237035	0.0836076	moving_near_sticky		0.025	0.48	8
1785503477.639	4	4	0.116	user	32	26	7	142	ACTIVE	TRACKING	5	-0.166638	0.15663	-6	6	-6	6	TRACKING	5	True	0/12	0.416667	0.577778	0.416681	0.578315	8.20266e-05	0.0029839	0.00298503	0.11231	moving_near_sticky		0.0222222	0.48	8
1785503477.987	4	4	0.116	user	32	26	7	142	ACTIVE	TRACKING	5	-0.166654	0.15601	-6	5	-6	5	TRACKING	5	True	0/12	0.416667	0.577778	0.416673	0.578005	3.46562e-05	0.0012607	0.00126117	0.0764733	moving_near_sticky		0.0222222	0.48	8
1785503478.334	4	4	0.116	user	32	26	7	142	ACTIVE	TRACKING	5	-0.166832	0.152274	-6	5	-6	5	TRACKING	5	True	0/12	0.416667	0.576389	0.416584	0.576137	-0.00045797	-0.00139772	0.00147084	0.113656	moving_near_sticky		0.025	0.48	8
1785503478.693	4	4	0.116	user	32	26	7	142	ACTIVE	TRACKING	5	-0.166736	0.156438	-6	6	-6	6	TRACKING	5	True	0/12	0.416667	0.577778	0.416632	0.578219	-0.000193492	0.00245061	0.00245824	0.109628	moving_near_sticky		0.0222222	0.48	8
1785503479.045	4	4	0.116	user	32	26	7	142	ACTIVE	TRACKING	5	-0.166696	0.152052	-6	5	-6	5	TRACKING	5	True	0/12	0.416667	0.576389	0.416652	0.576026	-8.17505e-05	-0.00201608	0.00201774	0.105714	moving_near_sticky		0.025	0.48	8
1785503479.395	4	4	0.116	user	32	26	7	142	ACTIVE	TRACKING	5	-0.16668	0.152472	-6	5	-6	5	TRACKING	5	True	0/12	0.416667	0.576389	0.41666	0.576236	-3.45396e-05	-0.000851795	0.000852495	0.0944732	moving_near_sticky		0.025	0.48	8
1785503479.750	4	4	0.116	user	32	26	7	142	ACTIVE	TRACKING	5	-0.166672	0.152648	-6	5	-6	5	TRACKING	5	True	0/12	0.416667	0.576389	0.416664	0.576324	-1.4593e-05	-0.000359883	0.000360179	0.113428	moving_near_sticky		0.025	0.48	8
1785503480.098	4	4	0.116	user	32	26	7	142	ACTIVE	TRACKING	5	-0.166668	0.156498	-6	6	-6	6	TRACKING	5	True	0/12	0.416667	0.576389	0.416666	0.576148	-4.00759e-06	-0.00133986	0.00133987	0.0750994	moving_near_sticky		0.0222222	0.48	8
1785503480.449	4	4	0.116	user	32	26	7	142	ACTIVE	TRACKING	5	-0.166668	0.152464	-6	5	-6	5	TRACKING	5	True	0/12	0.416667	0.577778	0.416666	0.578222	-1.69321e-06	0.00246745	0.00246745	0.116615	moving_near_sticky		0.025	0.48	8
1785503480.783	4	4	0.116	user	32	26	7	142	ACTIVE	TRACKING	5	-0.166666	0.152078	-6	5	-6	5	TRACKING	5	True	0/12	0.416667	0.576389	0.416667	0.576039	-7.15381e-07	-0.00194414	0.00194414	0.0983509	moving_near_sticky		0.025	0.48	8
1785503481.135	4	4	0.116	user	32	26	7	142	ACTIVE	TRACKING	5	-0.166666	0.152322	-6	5	-6	5	TRACKING	5	True	0/12	0.416667	0.576389	0.416667	0.576241	-3.02248e-07	-0.000821398	0.000821398	0.0919969	moving_near_sticky		0.025	0.48	8
1785503481.471	4	4	0.116	user	32	26	7	142	ACTIVE	TRACKING	5	-0.166666	0.15651	-6	6	-6	6	TRACKING	5	True	0/12	0.416667	0.577778	0.416667	0.578255	-1.277e-07	0.0026488	0.0026488	0.07739	moving_near_sticky		0.0194444	0.48	8
1785503481.819	4	4	0.116	user	32	26	7	142	ACTIVE	TRACKING	5	-0.166666	0.152102	-6	5	-6	5	TRACKING	5	True	0/12	0.416667	0.576389	0.416667	0.576051	-5.39532e-08	-0.00187722	0.00187722	0.10465	moving_near_sticky		0.025	0.48	8
1785503482.170	4	4	0.116	user	32	26	7	142	ACTIVE	TRACKING	5	-0.166666	0.152108	-6	5	-6	5	TRACKING	5	True	0/12	0.416667	0.576389	0.416667	0.576054	-2.27952e-08	-0.00186275	0.00186275	0.0948	moving_near_sticky		0.025	0.48	8
1785503482.518	4	4	0.116	user	32	26	7	142	ACTIVE	TRACKING	5	-0.166666	0.155978	-6	5	-6	5	TRACKING	5	True	0/12	0.416667	0.577778	0.416667	0.577989	-9.63099e-09	0.0011709	0.0011709	0.0888862	moving_near_sticky		0.0222222	0.48	8
1785503482.863	4	4	0.116	user	32	26	7	142	ACTIVE	LOST	5	0	0	0	0	0	0	LOST	5	False	6/12	0.416667	0.577778	0.416667	0.577867	-4.06909e-09	0.000494707	0.000494707	0.0890921	moving_near_sticky		0	0.48	0
1785503483.193	4	4	0.116	user	32	26	7	142	IDLE	LOST	5	0	0	0	0	0	0	LOST	5	False	14/12	0.416667	0.577778	0.416667	0.577867	-4.06909e-09	0.000494707	0.000494707	0.0890921	moving_near_sticky		0	0.48	0
1785503483.534	4	4	0.116	user	32	26	7	142	IDLE	LOST	5	0	0	0	0	0	0	LOST	5	False	23/12	0.416667	0.577778	0.416667	0.577867	-4.06909e-09	0.000494707	0.000494707	0.0890921	moving_near_sticky		0	0.48	0
1785503483.863	4	4	0.116	user	32	26	7	142	IDLE	LOST	5	0	0	0	0	0	0	LOST	5	False	31/12	0.416667	0.577778	0.416667	0.577867	-4.06909e-09	0.000494707	0.000494707	0.0890921	moving_near_sticky		0	0.48	0
1785503484.193	4	4	0.116	user	32	26	7	142	IDLE	LOST	5	0	0	0	0	0	0	LOST	5	False	39/12	0.416667	0.577778	0.416667	0.577867	-4.06909e-09	0.000494707	0.000494707	0.0890921	moving_near_sticky		0	0.48	0
1785503484.522	4	4	0.116	user	32	26	7	142	IDLE	LOST	5	0	0	0	0	0	0	LOST	5	False	48/12	0.416667	0.577778	0.416667	0.577867	-4.06909e-09	0.000494707	0.000494707	0.0890921	moving_near_sticky		0	0.48	0
1785503484.853	4	4	0.116	user	32	26	7	142	IDLE	LOST	5	0	0	0	0	0	0	LOST	5	False	56/12	0.416667	0.577778	0.416667	0.577867	-4.06909e-09	0.000494707	0.000494707	0.0890921	moving_near_sticky		0	0.48	0
1785503485.184	4	4	0.116	user	32	26	7	142	IDLE	LOST	5	0	0	0	0	0	0	LOST	5	False	64/12	0.416667	0.577778	0.416667	0.577867	-4.06909e-09	0.000494707	0.000494707	0.0890921	moving_near_sticky		0	0.48	0
1785503485.594	4	4	0.116	user	32	26	7	142	IDLE	LOST	5	0	0	0	0	0	0	LOST	5	False	74/12	0.416667	0.577778	0.416667	0.577867	-4.06909e-09	0.000494707	0.000494707	0.0890921	moving_near_sticky		0	0.48	0
1785503485.924	4	4	0.116	user	32	26	7	142	IDLE	LOST	5	0	0	0	0	0	0	LOST	5	False	83/12	0.416667	0.577778	0.416667	0.577867	-4.06909e-09	0.000494707	0.000494707	0.0890921	moving_near_sticky		0	0.48	0
1785503486.253	4	4	0.116	user	32	26	7	142	IDLE	LOST	5	0	0	0	0	0	0	LOST	5	False	91/12	0.416667	0.577778	0.416667	0.577867	-4.06909e-09	0.000494707	0.000494707	0.0890921	moving_near_sticky		0	0.48	0
1785503486.604	4	4	0.116	user	32	26	7	142	IDLE	LOST	5	0	0	0	0	0	0	LOST	5	False	100/12	0.416667	0.577778	0.416667	0.577867	-4.06909e-09	0.000494707	0.000494707	0.0890921	moving_near_sticky		0	0.48	0
1785503486.933	4	4	0.116	user	32	26	7	142	IDLE	LOST	5	0	0	0	0	0	0	LOST	5	False	108/12	0.416667	0.577778	0.416667	0.577867	-4.06909e-09	0.000494707	0.000494707	0.0890921	moving_near_sticky		0	0.48	0
1785503487.261	4	4	0.116	user	32	26	7	142	IDLE	LOST	5	0	0	0	0	0	0	LOST	5	False	116/12	0.416667	0.577778	0.416667	0.577867	-4.06909e-09	0.000494707	0.000494707	0.0890921	moving_near_sticky		0	0.48	0
1785503487.712	4	4	0.116	user	32	26	7	142	IDLE	LOST	5	0	0	0	0	0	0	LOST	5	False	127/12	0.416667	0.577778	0.416667	0.577867	-4.06909e-09	0.000494707	0.000494707	0.0890921	moving_near_sticky		0	0.48	0
1785503488.075	4	4	0.116	user	32	26	7	142	IDLE	LOST	5	0	0	0	0	0	0	LOST	5	False	136/12	0.416667	0.577778	0.416667	0.577867	-4.06909e-09	0.000494707	0.000494707	0.0890921	moving_near_sticky		0	0.48	0
1785503488.406	4	4	0.116	user	32	26	7	142	IDLE	LOST	5	0	0	0	0	0	0	LOST	5	False	145/12	0.416667	0.577778	0.416667	0.577867	-4.06909e-09	0.000494707	0.000494707	0.0890921	moving_near_sticky		0	0.48	0
1785503488.737	4	4	0.116	user	32	26	7	142	IDLE	LOST	5	0	0	0	0	0	0	LOST	5	False	153/12	0.416667	0.577778	0.416667	0.577867	-4.06909e-09	0.000494707	0.000494707	0.0890921	moving_near_sticky		0	0.48	0
1785503489.070	4	4	0.116	user	32	26	7	142	IDLE	LOST	5	0	0	0	0	0	0	LOST	5	False	161/12	0.416667	0.577778	0.416667	0.577867	-4.06909e-09	0.000494707	0.000494707	0.0890921	moving_near_sticky		0	0.48	0
1785503489.412	4	4	0.116	user	32	26	7	142	IDLE	LOST	5	0	0	0	0	0	0	LOST	5	False	170/12	0.416667	0.577778	0.416667	0.577867	-4.06909e-09	0.000494707	0.000494707	0.0890921	moving_near_sticky		0	0.48	0
1785503489.743	4	4	0.116	user	32	26	7	142	IDLE	LOST	5	0	0	0	0	0	0	LOST	5	False	178/12	0.416667	0.577778	0.416667	0.577867	-4.06909e-09	0.000494707	0.000494707	0.0890921	moving_near_sticky		0	0.48	0
1785503490.175	4	4	0.116	user	32	26	7	142	IDLE	LOST	5	0	0	0	0	0	0	LOST	5	False	189/12	0.416667	0.577778	0.416667	0.577867	-4.06909e-09	0.000494707	0.000494707	0.0890921	moving_near_sticky		0	0.48	0
1785503490.526	4	4	0.116	user	32	26	7	142	IDLE	LOST	5	0	0	0	0	0	0	LOST	5	False	198/12	0.416667	0.577778	0.416667	0.577867	-4.06909e-09	0.000494707	0.000494707	0.0890921	moving_near_sticky		0	0.48	0
1785503490.858	4	4	0.116	user	32	26	7	142	IDLE	LOST	5	0	0	0	0	0	0	LOST	5	False	206/12	0.416667	0.577778	0.416667	0.577867	-4.06909e-09	0.000494707	0.000494707	0.0890921	moving_near_sticky		0	0.48	0
1785503491.187	4	4	0.116	user	32	26	7	142	IDLE	LOST	5	0	0	0	0	0	0	LOST	5	False	214/12	0.416667	0.577778	0.416667	0.577867	-4.06909e-09	0.000494707	0.000494707	0.0890921	moving_near_sticky		0	0.48	0
1785503491.531	4	4	0.116	user	32	26	7	142	IDLE	LOST	5	0	0	0	0	0	0	LOST	5	False	223/12	0.416667	0.577778	0.416667	0.577867	-4.06909e-09	0.000494707	0.000494707	0.0890921	moving_near_sticky		0	0.48	0
1785503491.860	4	4	0.116	user	32	26	7	142	IDLE	LOST	5	0	0	0	0	0	0	LOST	5	False	231/12	0.416667	0.577778	0.416667	0.577867	-4.06909e-09	0.000494707	0.000494707	0.0890921	moving_near_sticky		0	0.48	0
1785503492.190	4	4	0.116	user	32	26	7	142	IDLE	LOST	5	0	0	0	0	0	0	LOST	5	False	239/12	0.416667	0.577778	0.416667	0.577867	-4.06909e-09	0.000494707	0.000494707	0.0890921	moving_near_sticky		0	0.48	0
1785503492.599	4	4	0.116	user	32	26	7	142	IDLE	LOST	5	0	0	0	0	0	0	LOST	5	False	250/12	0.416667	0.577778	0.416667	0.577867	-4.06909e-09	0.000494707	0.000494707	0.0890921	moving_near_sticky		0	0.48	0
1785503492.945	4	4	0.116	user	32	26	7	142	IDLE	LOST	5	0	0	0	0	0	0	LOST	5	False	258/12	0.416667	0.577778	0.416667	0.577867	-4.06909e-09	0.000494707	0.000494707	0.0890921	moving_near_sticky		0	0.48	0
1785503493.275	4	4	0.116	user	32	26	7	142	IDLE	LOST	5	0	0	0	0	0	0	LOST	5	False	266/12	0.416667	0.577778	0.416667	0.577867	-4.06909e-09	0.000494707	0.000494707	0.0890921	moving_near_sticky		0	0.48	0
1785503493.622	4	4	0.116	user	32	26	7	142	IDLE	LOST	5	0	0	0	0	0	0	LOST	5	False	275/12	0.416667	0.577778	0.416667	0.577867	-4.06909e-09	0.000494707	0.000494707	0.0890921	moving_near_sticky		0	0.48	0
1785503493.952	4	4	0.116	user	32	26	7	142	IDLE	LOST	5	0	0	0	0	0	0	LOST	5	False	283/12	0.416667	0.577778	0.416667	0.577867	-4.06909e-09	0.000494707	0.000494707	0.0890921	moving_near_sticky		0	0.48	0
1785503494.296	4	4	0.116	user	32	26	7	142	IDLE	LOST	5	0	0	0	0	0	0	LOST	5	False	292/12	0.416667	0.577778	0.416667	0.577867	-4.06909e-09	0.000494707	0.000494707	0.0890921	moving_near_sticky		0	0.48	0
1785503494.764	4	4	0.116	user	32	26	7	142	IDLE	LOST	5	0	0	0	0	0	0	LOST	5	False	304/12	0.416667	0.577778	0.416667	0.577867	-4.06909e-09	0.000494707	0.000494707	0.0890921	moving_near_sticky		0	0.48	0
1785503495.096	4	4	0.116	user	32	26	7	142	IDLE	LOST	5	0	0	0	0	0	0	LOST	5	False	312/12	0.416667	0.577778	0.416667	0.577867	-4.06909e-09	0.000494707	0.000494707	0.0890921	moving_near_sticky		0	0.48	0
1785503495.430	4	4	0.116	user	32	26	7	142	IDLE	LOST	5	0	0	0	0	0	0	LOST	5	False	320/12	0.416667	0.577778	0.416667	0.577867	-4.06909e-09	0.000494707	0.000494707	0.0890921	moving_near_sticky		0	0.48	0
1785503495.760	4	4	0.116	user	32	26	7	142	IDLE	LOST	5	0	0	0	0	0	0	LOST	5	False	329/12	0.416667	0.577778	0.416667	0.577867	-4.06909e-09	0.000494707	0.000494707	0.0890921	moving_near_sticky		0	0.48	0
1785503496.103	4	4	0.116	user	32	26	7	142	IDLE	LOST	5	0	0	0	0	0	0	LOST	5	False	337/12	0.416667	0.577778	0.416667	0.577867	-4.06909e-09	0.000494707	0.000494707	0.0890921	moving_near_sticky		0	0.48	0
1785503496.449	4	4	0.116	user	32	26	7	142	IDLE	LOST	5	0	0	0	0	0	0	LOST	5	False	346/12	0.416667	0.577778	0.416667	0.577867	-4.06909e-09	0.000494707	0.000494707	0.0890921	moving_near_sticky		0	0.48	0
1785503496.780	4	4	0.116	user	32	26	7	142	IDLE	LOST	5	0	0	0	0	0	0	LOST	5	False	354/12	0.416667	0.577778	0.416667	0.577867	-4.06909e-09	0.000494707	0.000494707	0.0890921	moving_near_sticky		0	0.48	0
1785503497.201	4	4	0.116	user	32	26	7	142	IDLE	LOST	5	0	0	0	0	0	0	LOST	5	False	365/12	0.416667	0.577778	0.416667	0.577867	-4.06909e-09	0.000494707	0.000494707	0.0890921	moving_near_sticky		0	0.48	0
1785503497.533	4	4	0.116	user	32	26	7	142	IDLE	LOST	5	0	0	0	0	0	0	LOST	5	False	373/12	0.416667	0.577778	0.416667	0.577867	-4.06909e-09	0.000494707	0.000494707	0.0890921	moving_near_sticky		0	0.48	0
1785503497.864	4	4	0.116	user	32	26	7	142	IDLE	LOST	5	0	0	0	0	0	0	LOST	5	False	381/12	0.416667	0.577778	0.416667	0.577867	-4.06909e-09	0.000494707	0.000494707	0.0890921	moving_near_sticky		0	0.48	0
1785503498.194	4	4	0.116	user	32	26	7	142	IDLE	LOST	5	0	0	0	0	0	0	LOST	5	False	389/12	0.416667	0.577778	0.416667	0.577867	-4.06909e-09	0.000494707	0.000494707	0.0890921	moving_near_sticky		0	0.48	0
1785503498.539	4	4	0.116	user	32	26	7	142	IDLE	LOST	5	0	0	0	0	0	0	LOST	5	False	398/12	0.416667	0.577778	0.416667	0.577867	-4.06909e-09	0.000494707	0.000494707	0.0890921	moving_near_sticky		0	0.48	0
1785503498.870	4	4	0.116	user	32	26	7	142	IDLE	LOST	5	0	0	0	0	0	0	LOST	5	False	406/12	0.416667	0.577778	0.416667	0.577867	-4.06909e-09	0.000494707	0.000494707	0.0890921	moving_near_sticky		0	0.48	0
1785503499.200	4	4	0.116	user	32	26	7	142	IDLE	LOST	5	0	0	0	0	0	0	LOST	5	False	415/12	0.416667	0.577778	0.416667	0.577867	-4.06909e-09	0.000494707	0.000494707	0.0890921	moving_near_sticky		0	0.48	0
1785503499.613	4	4	0.116	user	32	26	7	142	IDLE	LOST	5	0	0	0	0	0	0	LOST	5	False	425/12	0.416667	0.577778	0.416667	0.577867	-4.06909e-09	0.000494707	0.000494707	0.0890921	moving_near_sticky		0	0.48	0
1785503499.942	4	4	0.116	user	32	26	7	142	IDLE	LOST	5	0	0	0	0	0	0	LOST	5	False	433/12	0.416667	0.577778	0.416667	0.577867	-4.06909e-09	0.000494707	0.000494707	0.0890921	moving_near_sticky		0	0.48	0
1785503500.272	4	4	0.116	user	32	26	7	142	IDLE	LOST	5	0	0	0	0	0	0	LOST	5	False	441/12	0.416667	0.577778	0.416667	0.577867	-4.06909e-09	0.000494707	0.000494707	0.0890921	moving_near_sticky		0	0.48	0
1785503500.615	4	4	0.116	user	32	26	7	142	IDLE	IDLE	0	0	0	0	0	0	0	IDLE	0	False	3/12	0.416667	0.577778	0.416667	0.577867	-4.06909e-09	0.000494707	0.000494707	0.0890921	moving_near_sticky		0	0.48	0
1785503500.964	4	4	0.116	user	32	26	7	142	IDLE	IDLE	0	0	0	0	0	0	0	IDLE	0	False	12/12	0.416667	0.577778	0.416667	0.577867	-4.06909e-09	0.000494707	0.000494707	0.0890921	moving_near_sticky		0	0.48	0
1785503501.294	4	4	0.116	user	32	26	7	142	IDLE	IDLE	0	0	0	0	0	0	0	IDLE	0	False	20/12	0.416667	0.577778	0.416667	0.577867	-4.06909e-09	0.000494707	0.000494707	0.0890921	moving_near_sticky		0	0.48	0
1785503501.639	4	4	0.116	user	32	26	7	142	IDLE	IDLE	0	0	0	0	0	0	0	IDLE	0	False	29/12	0.416667	0.577778	0.416667	0.577867	-4.06909e-09	0.000494707	0.000494707	0.0890921	moving_near_sticky		0	0.48	0
1785503501.969	4	4	0.116	user	32	26	7	142	IDLE	IDLE	0	0	0	0	0	0	0	IDLE	0	False	37/12	0.416667	0.577778	0.416667	0.577867	-4.06909e-09	0.000494707	0.000494707	0.0890921	moving_near_sticky		0	0.48	0
1785503502.388	4	4	0.116	user	32	26	7	142	IDLE	IDLE	0	0	0	0	0	0	0	IDLE	0	False	47/12	0.416667	0.577778	0.416667	0.577867	-4.06909e-09	0.000494707	0.000494707	0.0890921	moving_near_sticky		0	0.48	0
1785503502.720	4	4	0.116	user	32	26	7	142	IDLE	IDLE	0	0	0	0	0	0	0	IDLE	0	False	56/12	0.416667	0.577778	0.416667	0.577867	-4.06909e-09	0.000494707	0.000494707	0.0890921	moving_near_sticky		0	0.48	0
1785503503.049	4	4	0.116	user	32	26	7	142	IDLE	IDLE	0	0	0	0	0	0	0	IDLE	0	False	64/12	0.416667	0.577778	0.416667	0.577867	-4.06909e-09	0.000494707	0.000494707	0.0890921	moving_near_sticky		0	0.48	0
1785503503.404	4	4	0.116	user	32	26	7	142	IDLE	IDLE	0	0	0	0	0	0	0	IDLE	0	False	73/12	0.416667	0.577778	0.416667	0.577867	-4.06909e-09	0.000494707	0.000494707	0.0890921	moving_near_sticky		0	0.48	0
1785503503.734	4	4	0.116	user	32	26	7	142	IDLE	IDLE	0	0	0	0	0	0	0	IDLE	0	False	81/12	0.416667	0.577778	0.416667	0.577867	-4.06909e-09	0.000494707	0.000494707	0.0890921	moving_near_sticky		0	0.48	0
1785503504.064	4	4	0.116	user	32	26	7	142	IDLE	IDLE	0	0	0	0	0	0	0	IDLE	0	False	89/12	0.416667	0.577778	0.416667	0.577867	-4.06909e-09	0.000494707	0.000494707	0.0890921	moving_near_sticky		0	0.48	0
1785503504.573	4	4	0.116	user	32	26	7	142	IDLE	IDLE	0	0	0	0	0	0	0	IDLE	0	False	102/12	0.416667	0.577778	0.416667	0.577867	-4.06909e-09	0.000494707	0.000494707	0.0890921	moving_near_sticky		0	0.48	0
1785503504.917	4	4	0.116	user	32	26	7	142	IDLE	IDLE	0	0	0	0	0	0	0	IDLE	0	False	110/12	0.416667	0.577778	0.416667	0.577867	-4.06909e-09	0.000494707	0.000494707	0.0890921	moving_near_sticky		0	0.48	0
1785503505.251	4	4	0.116	user	32	26	7	142	IDLE	IDLE	0	0	0	0	0	0	0	IDLE	0	False	119/12	0.416667	0.577778	0.416667	0.577867	-4.06909e-09	0.000494707	0.000494707	0.0890921	moving_near_sticky		0	0.48	0
1785503505.584	4	4	0.116	user	32	26	7	142	IDLE	IDLE	0	0	0	0	0	0	0	IDLE	0	False	127/12	0.416667	0.577778	0.416667	0.577867	-4.06909e-09	0.000494707	0.000494707	0.0890921	moving_near_sticky		0	0.48	0
1785503505.930	4	4	0.116	user	32	26	7	142	IDLE	IDLE	0	0	0	0	0	0	0	IDLE	0	False	136/12	0.416667	0.577778	0.416667	0.577867	-4.06909e-09	0.000494707	0.000494707	0.0890921	moving_near_sticky		0	0.48	0
1785503506.260	4	4	0.116	user	32	26	7	142	IDLE	IDLE	0	0	0	0	0	0	0	IDLE	0	False	144/12	0.416667	0.577778	0.416667	0.577867	-4.06909e-09	0.000494707	0.000494707	0.0890921	moving_near_sticky		0	0.48	0
1785503506.590	4	4	0.116	user	32	26	7	142	IDLE	IDLE	0	0	0	0	0	0	0	IDLE	0	False	152/12	0.416667	0.577778	0.416667	0.577867	-4.06909e-09	0.000494707	0.000494707	0.0890921	moving_near_sticky		0	0.48	0
1785503506.925	4	4	0.116	user	32	26	7	142	IDLE	IDLE	0	0	0	0	0	0	0	IDLE	0	False	161/12	0.416667	0.577778	0.416667	0.577867	-4.06909e-09	0.000494707	0.000494707	0.0890921	moving_near_sticky		0	0.48	0
1785503507.257	4	4	0.116	user	32	26	7	142	IDLE	IDLE	0	0	0	0	0	0	0	IDLE	0	False	169/12	0.416667	0.577778	0.416667	0.577867	-4.06909e-09	0.000494707	0.000494707	0.0890921	moving_near_sticky		0	0.48	0
1785503507.591	4	4	0.116	user	32	26	7	142	IDLE	IDLE	0	0	0	0	0	0	0	IDLE	0	False	177/12	0.416667	0.577778	0.416667	0.577867	-4.06909e-09	0.000494707	0.000494707	0.0890921	moving_near_sticky		0	0.48	0
1785503508.018	4	4	0.116	user	32	26	7	142	IDLE	IDLE	0	0	0	0	0	0	0	IDLE	0	False	188/12	0.416667	0.577778	0.416667	0.577867	-4.06909e-09	0.000494707	0.000494707	0.0890921	moving_near_sticky		0	0.48	0
1785503508.364	4	4	0.116	user	32	26	7	142	IDLE	IDLE	0	0	0	0	0	0	0	IDLE	0	False	197/12	0.416667	0.577778	0.416667	0.577867	-4.06909e-09	0.000494707	0.000494707	0.0890921	moving_near_sticky		0	0.48	0
1785503508.714	4	4	0.116	user	32	26	7	142	IDLE	IDLE	0	0	0	0	0	0	0	IDLE	0	False	205/12	0.416667	0.577778	0.416667	0.577867	-4.06909e-09	0.000494707	0.000494707	0.0890921	moving_near_sticky		0	0.48	0
1785503509.044	4	4	0.116	user	32	26	7	142	IDLE	IDLE	0	0	0	0	0	0	0	IDLE	0	False	214/12	0.416667	0.577778	0.416667	0.577867	-4.06909e-09	0.000494707	0.000494707	0.0890921	moving_near_sticky		0	0.48	0
1785503509.398	4	4	0.116	user	32	26	7	142	IDLE	IDLE	0	0	0	0	0	0	0	IDLE	0	False	222/12	0.416667	0.577778	0.416667	0.577867	-4.06909e-09	0.000494707	0.000494707	0.0890921	moving_near_sticky		0	0.48	0
1785503509.749	4	4	0.116	user	32	26	7	142	IDLE	IDLE	0	0	0	0	0	0	0	IDLE	0	False	231/12	0.416667	0.577778	0.416667	0.577867	-4.06909e-09	0.000494707	0.000494707	0.0890921	moving_near_sticky		0	0.48	0
1785503510.082	4	4	0.116	user	32	26	7	142	IDLE	IDLE	0	0	0	0	0	0	0	IDLE	0	False	240/12	0.416667	0.577778	0.416667	0.577867	-4.06909e-09	0.000494707	0.000494707	0.0890921	moving_near_sticky		0	0.48	0
1785503510.553	4	4	0.116	user	32	26	7	142	IDLE	IDLE	0	0	0	0	0	0	0	IDLE	0	False	251/12	0.416667	0.577778	0.416667	0.577867	-4.06909e-09	0.000494707	0.000494707	0.0890921	moving_near_sticky		0	0.48	0
1785503510.900	4	4	0.116	user	32	26	7	142	IDLE	IDLE	0	0	0	0	0	0	0	IDLE	0	False	260/12	0.416667	0.577778	0.416667	0.577867	-4.06909e-09	0.000494707	0.000494707	0.0890921	moving_near_sticky		0	0.48	0
1785503511.236	4	4	0.116	user	32	26	7	142	IDLE	IDLE	0	0	0	0	0	0	0	IDLE	0	False	268/12	0.416667	0.577778	0.416667	0.577867	-4.06909e-09	0.000494707	0.000494707	0.0890921	moving_near_sticky		0	0.48	0
1785503511.566	4	4	0.116	user	32	26	7	142	IDLE	IDLE	0	0	0	0	0	0	0	IDLE	0	False	277/12	0.416667	0.577778	0.416667	0.577867	-4.06909e-09	0.000494707	0.000494707	0.0890921	moving_near_sticky		0	0.48	0
1785503511.915	4	4	0.116	user	32	26	7	142	IDLE	IDLE	0	0	0	0	0	0	0	IDLE	0	False	285/12	0.416667	0.577778	0.416667	0.577867	-4.06909e-09	0.000494707	0.000494707	0.0890921	moving_near_sticky		0	0.48	0
1785503512.245	4	4	0.116	user	32	26	7	142	IDLE	IDLE	0	0	0	0	0	0	0	IDLE	0	False	294/12	0.416667	0.577778	0.416667	0.577867	-4.06909e-09	0.000494707	0.000494707	0.0890921	moving_near_sticky		0	0.48	0
1785503512.575	4	4	0.116	user	32	26	7	142	IDLE	IDLE	0	0	0	0	0	0	0	IDLE	0	False	302/12	0.416667	0.577778	0.416667	0.577867	-4.06909e-09	0.000494707	0.000494707	0.0890921	moving_near_sticky		0	0.48	0
1785503512.906	4	4	0.116	user	32	26	7	142	IDLE	IDLE	0	0	0	0	0	0	0	IDLE	0	False	310/12	0.416667	0.577778	0.416667	0.577867	-4.06909e-09	0.000494707	0.000494707	0.0890921	moving_near_sticky		0	0.48	0
1785503513.249	4	4	0.116	user	32	26	7	142	IDLE	IDLE	0	0	0	0	0	0	0	IDLE	0	False	319/12	0.416667	0.577778	0.416667	0.577867	-4.06909e-09	0.000494707	0.000494707	0.0890921	moving_near_sticky		0	0.48	0
1785503513.580	4	4	0.116	user	32	26	7	142	IDLE	IDLE	0	0	0	0	0	0	0	IDLE	0	False	327/12	0.416667	0.577778	0.416667	0.577867	-4.06909e-09	0.000494707	0.000494707	0.0890921	moving_near_sticky		0	0.48	0
